Payment,Interest,Principle,Balance
1.0,1666.6666666666667,973.156290199968,399026.84370980004
2.0,1662.6118487908334,977.2111080758013,398049.63260172424
3.0,1658.5401358405177,981.2828210261171,397068.34978069813
4.0,1654.4514574195755,985.3714994470593,396082.9782812511
5.0,1650.3457428385461,989.4772140280886,395093.501067223
6.0,1646.2229211134293,993.6000357532055,394099.9010314698
7.0,1642.0829209644576,997.7400359021772,393102.1609955676
8.0,1637.925670814865,1001.8972860517697,392100.26370951586
9.0,1633.7510987896494,1006.0718580769853,391094.1918514389
10.0,1629.5591327143288,1010.2638241523059,390083.9280272866
11.0,1625.349700113694,1014.4732567529406,389069.45477053366
12.0,1621.122728210557,1018.7002286560778,388050.7545418776
13.0,1616.87814392449,1022.9448129421448,387027.8097289355
14.0,1612.6158738705644,1027.2070829960703,386000.6026459394
15.0,1608.3358443580807,1031.487112508554,384969.1155334308
16.0,1604.037981389295,1035.7849754773397,383933.3305579535
17.0,1599.7222106581396,1040.1007462084951,382893.229811745
18.0,1595.3884575489374,1044.4344993176974,381848.7953124273
19.0,1591.0366471351135,1048.7863097315212,380800.00900269573
20.0,1586.666704177899,1053.1562526887358,379746.852750007
21.0,1582.2785531250292,1057.5444037416055,378689.3083462654
22.0,1577.8721181094393,1061.9508387571955,377627.3575075082
23.0,1573.4473229479509,1066.375633918684,376560.9818735895
24.0,1569.0040911399562,1070.8188657266785,375490.1630078628
25.0,1564.542345866095,1075.2806110005397,374414.88239686226
26.0,1560.0620099869261,1079.7609468797086,373335.1214499826
27.0,1555.563006041594,1084.2599508250407,372250.86149915756
28.0,1551.0452562464898,1088.777700620145,371162.08379853744
29.0,1546.508682493906,1093.3142743727287,370068.76952416473
30.0,1541.9532063506863,1097.8697505159485,368970.89977364877
31.0,1537.3787490568698,1102.444207809765,367868.455565839
32.0,1532.7852315243292,1107.0377253423055,366761.4178404967
33.0,1528.172574335403,1111.6503825312318,365649.76745796547
34.0,1523.5406977415228,1116.282259125112,364533.4851988404
35.0,1518.8895216618348,1120.9334352048,363412.5517636356
36.0,1514.218965681815,1125.6039911848197,362286.9477724508
37.0,1509.5289490518783,1130.2940078147565,361156.653764636
38.0,1504.8193906859833,1135.0035661806514,360021.6501984554
39.0,1500.0902091602306,1139.732747706404,358881.91745074897
40.0,1495.341322711454,1144.4816341551807,357737.43581659376
41.0,1490.5726492358074,1149.2503076308274,356588.18550896295
42.0,1485.7841062873456,1154.0388505792891,355434.14665838366
43.0,1480.9756110765986,1158.8473457900361,354275.29931259365
44.0,1476.1470804691403,1163.6758763974944,353111.6234361961
45.0,1471.2984309841504,1168.5245258824843,351943.0989103136
46.0,1466.4295787929734,1173.3933780736613,350769.70553224
47.0,1461.5404397176667,1178.282517148968,349591.423015091
48.0,1456.6309292295457,1183.192027637089,348408.2309874539
49.0,1451.7009624477246,1188.1219944189102,347220.108993035
50.0,1446.7504541376456,1193.072502728989,346027.03649030597
51.0,1441.779318709608,1198.0436381570266,344828.99285214895
52.0,1436.7874702172874,1203.0354866493474,343625.9573654996
53.0,1431.7748223562483,1208.0481345103865,342417.9092309892
54.0,1426.7412884624548,1213.08166840418,341204.827562585
55.0,1421.6867815107707,1218.136175355864,339986.69138722913
56.0,1416.6112141134547,1223.21174275318,338763.47964447597
57.0,1411.5144985186498,1228.308458347985,337535.171186128
58.0,1406.3965466088666,1233.426410257768,336301.74477587023
59.0,1401.2572698994593,1238.5656869671755,335063.17908890307
60.0,1396.0965795370962,1243.7263773295385,333819.4527115735
61.0,1390.914386298223,1248.9085705684117,332570.5441410051
62.0,1385.7106005875212,1254.1123562791136,331316.431784726
63.0,1380.4851324363583,1259.3378244302764,330057.0939602957
64.0,1375.237891501232,1264.5850653654027,328792.5088949303
65.0,1369.9687870622097,1269.854169804425,327522.6547251259
66.0,1364.6777280213578,1275.145228845277,326247.5094962806
67.0,1359.364622901169,1280.4583339654657,324967.0511623151
68.0,1354.0293798429798,1285.793577023655,323681.25758529146
69.0,1348.671906605381,1291.1510502612537,322390.1065350302
70.0,1343.2921105626258,1296.530846304009,321093.57568872615
71.0,1337.8898987030257,1301.933058163609,319791.64263056254
72.0,1332.4651776273438,1307.357779239291,318484.28485132323
73.0,1327.01785354718,1312.8051033194547,317171.47974800377
74.0,1321.547832283349,1318.2751245832858,315853.2046234205
75.0,1316.055019264252,1323.7679376023827,314529.43668581813
76.0,1310.5393195242423,1329.2836373423925,313200.15304847574
77.0,1305.0006377019822,1334.8223191646525,311865.3307293111
78.0,1299.4388780387962,1340.3840788278385,310524.94665048324
79.0,1293.8539443770135,1345.9690124896213,309178.97763799364
80.0,1288.2457401583067,1351.577216708328,307827.4004212853
81.0,1282.614168422022,1357.2087884446128,306470.19163284067
82.0,1276.9591318035027,1362.863825063132,305107.32780777756
83.0,1271.2805325324066,1368.5424243342281,303738.78538344335
84.0,1265.5782724310138,1374.244684435621,302364.54069900775
85.0,1259.8522529125323,1379.9707039541024,300984.56999505364
86.0,1254.10237497939,1385.7205818872446,299598.8494131664
87.0,1248.3285392215266,1391.4944176451081,298207.3549955213
88.0,1242.5306458146722,1397.2923110519625,296810.06268446933
89.0,1236.7085945186222,1403.1143623480125,295406.94832212134
90.0,1230.8622846755056,1408.960672191129,293997.98764993023
91.0,1224.9916152080427,1414.831341658592,292583.15630827163
92.0,1219.0964846177985,1420.7264722488362,291162.4298360228
93.0,1213.1767909834282,1426.6461658832065,289735.78367013956
94.0,1207.2324319589147,1432.59052490772,288303.1931452318
95.0,1201.263304771799,1438.5596520948357,286864.63349313696
96.0,1195.269306221404,1444.5536506452308,285420.0798424917
97.0,1189.2503326770488,1450.572624189586,283969.5072183021
98.0,1183.2062800762587,1456.616676790376,282512.89054151176
99.0,1177.1370439229656,1462.685912943669,281050.2046285681
100.0,1171.0425192857003,1468.7804375809344,279581.42419098713
101.0,1164.9226007957798,1474.900356070855,278106.5238349163
102.0,1158.7771826454846,1481.0457742211502,276625.47806069517
103.0,1152.6061585862299,1487.2167982804049,275138.26126241474
104.0,1146.409421926728,1493.4135349399066,273644.8477274748
105.0,1140.186865531145,1499.6360913354897,272145.2116361393
106.0,1133.938381817247,1505.8845750493876,270639.3270610899
107.0,1127.6638627545412,1512.1590941120935,269127.1679669778
108.0,1121.3631998624076,1518.4597570042272,267608.7082099736
109.0,1115.0362842082232,1524.7866726584116,266083.9215373152
110.0,1108.68300640548,1531.1399504611547,264552.781586854
111.0,1102.3032566118918,1537.519700254743,263015.2618865993
112.0,1095.896924527497,1543.9260323391377,261471.33585426016
113.0,1089.4638993927506,1550.3590574738841,259920.97679678627
114.0,1083.0040699866095,1556.8188868800253,258364.15790990624
115.0,1076.5173246246093,1563.3056322420255,256800.8522776642
116.0,1070.0035511569342,1569.8194057097005,255231.0328719545
117.0,1063.462636966477,1576.3603199001577,253654.67255205434
118.0,1056.894468966893,1582.9284878997416,252071.7440641546
119.0,1050.2989336006442,1589.5240232659905,250482.2200408886
120.0,1043.6759168370359,1596.1470400295989,248886.073000859
121.0,1037.0253041702458,1602.797652696389,247283.27534816263
122.0,1030.3469806173443,1609.4759762492904,245673.79937191334
123.0,1023.6408307163056,1616.1821261503292,244057.61724576302
124.0,1016.9067385240126,1622.9162183426222,242434.7010274204
125.0,1010.1445876142517,1629.6783692523832,240805.02265816802
126.0,1003.3542610757,1636.4686957909348,239168.55396237707
127.0,996.5356415099045,1643.2873153567302,237525.26664702035
128.0,989.6886110292514,1650.1343458373833,235875.13230118298
129.0,982.8130512549291,1657.0099056117056,234218.12239557126
130.0,975.9088433148803,1663.9141135517543,232554.2082820195
131.0,968.9758678417479,1670.8470890248868,230883.3611929946
132.0,962.0140049708108,1677.808951895824,229205.55224109878
133.0,955.0231343379115,1684.7998225287233,227520.75241857005
134.0,948.0031350773752,1691.8198217892595,225828.9325967808
135.0,940.95388581992,1698.869071046715,224130.0635257341
136.0,933.8752646905587,1705.947692176076,222424.11583355803
137.0,926.7671493064918,1713.055807560143,220711.0600259979
138.0,919.6294167749912,1720.1935400916436,218990.86648590624
139.0,912.461943691276,1727.3610131753587,217263.50547273087
140.0,905.2646061363786,1734.5583507302563,215528.94712200062
141.0,898.0372796750025,1741.7856771916322,213787.161444809
142.0,890.7798393533708,1749.043117513264,212038.11832729573
143.0,883.4921596970655,1756.3307971695692,210281.78753012617
144.0,876.1741147088591,1763.6488421577756,208518.1386879684
145.0,868.825577866535,1770.9973790000997,206747.1413089683
146.0,861.4464221207013,1778.3765347459334,204968.76477422236
147.0,854.0365198925932,1785.7864369740414,203182.97833724832
148.0,846.595743071868,1793.2272137947666,201389.75112345355
149.0,839.1239630143898,1800.698993852245,199589.0521296013
150.0,831.6210505400054,1808.2019063266293,197780.85022327467
151.0,824.0868759303111,1815.7360809363236,195965.11414233834
152.0,816.5213089264097,1823.301647940225,194141.81249439812
153.0,808.9242187266589,1830.8987381399759,192310.91375625815
154.0,801.2954739844089,1838.5274828822257,190472.38627337592
155.0,793.634942805733,1846.1880140609019,188626.19825931502
156.0,785.9424927471459,1853.8804641194888,186772.31779519553
157.0,778.2179908133147,1861.60496605332,184910.7128291422
158.0,770.4613034547591,1869.3616534118755,183041.35117573032
159.0,762.672296565543,1877.1506603010916,181164.20051542923
160.0,754.8508354809551,1884.9721213856797,179279.22839404354
161.0,746.9967849751814,1892.8261718914532,177386.4022221521
162.0,739.1100092589671,1900.7129476076675,175485.68927454442
163.0,731.1903719772685,1908.6325848893662,173577.05668965506
164.0,723.2377362068961,1916.5852206597388,171660.47146899533
165.0,715.2519644541471,1924.5709924124876,169735.90047658284
166.0,707.2329186524285,1932.5900382142063,167803.31043836864
167.0,699.1804601598693,1940.6424967067655,165862.66794166187
168.0,691.0944497569244,1948.7285071097103,163913.93943455216
169.0,682.9747476439674,1956.8482092226673,161957.0912253295
170.0,674.8212134388729,1965.001743427762,159992.08948190173
171.0,666.6337061745905,1973.1892506920442,158018.90023120967
172.0,658.412084296707,1981.4108725699277,156037.48935863975
173.0,650.1562056609989,1989.6667512056358,154047.82260743412
174.0,641.8659275309755,1997.9570293356592,152049.86557809846
175.0,633.5411065754103,2006.2818502912246,150043.58372780724
176.0,625.1815988658635,2014.641358000771,148028.94236980646
177.0,616.7872598741936,2023.035696992441,146005.90667281402
178.0,608.3579444700584,2031.4650123965762,143974.44166041745
179.0,599.893506918406,2039.9294499482287,141934.51221046923
180.0,591.3938008769551,2048.4291559896797,139886.08305447956
181.0,582.8586793936648,2056.96427747297,137829.1187770066
182.0,574.2879949041942,2065.5349619624403,135763.58381504417
183.0,565.6815992293507,2074.1413576372843,133689.4424574069
184.0,557.0393435725288,2082.783613294106,131606.6588441128
185.0,548.3610785171367,2091.461878349498,129515.1969657633
186.0,539.6466540240137,2100.176302842621,127415.02066292068
187.0,530.8959194288361,2108.9270374377984,125306.09362548288
188.0,522.108723439512,2117.714233427123,123188.37939205577
189.0,513.2849141335657,2126.5380427330692,121061.8413493227
190.0,504.42433895551125,2135.3986179111234,118926.44273141157
191.0,495.52684471421486,2144.29611215242,116782.14661925916
192.0,486.5922775802465,2153.2306792863883,114628.91593997278
193.0,477.6204830832199,2162.202473783415,112466.71346618937
194.0,468.6113061091223,2171.2116507575124,110295.50181543185
195.0,459.56459089763274,2180.258365969002,108115.24344946285
196.0,450.48018103942854,2189.3427758272064,105925.90067363565
197.0,441.3579194734819,2198.4650373931527,103727.4356362425
198.0,432.19764848434374,2207.625308382291,101519.8103278602
199.0,422.9992096994175,2216.8237471672173,99302.98658069299
200.0,413.7624440862208,2226.060512780414,97076.92606791257
201.0,404.4871919496357,2235.335764916999,94841.59030299558
202.0,395.17329292914826,2244.6496639374864,92596.9406390581
203.0,385.8205859960754,2254.0023708705594,90342.93826818754
204.0,376.4289094507814,2263.3940474158535,88079.54422077168
205.0,366.998100919882,2272.824855946753,85806.71936482494
206.0,357.52799735343723,2282.2949595131977,83524.42440531174
207.0,348.0184350221323,2291.8045218445022,81232.61988346724
208.0,338.4692495144468,2301.353707352188,78931.26617611505
209.0,328.8802757338127,2310.942681132822,76620.32349498224
210.0,319.2513478957593,2320.5716089708753,74299.75188601136
211.0,309.58229952504735,2330.2406573415874,71969.51122866977
212.0,299.8729634527907,2339.949993413844,69629.56123525593
213.0,290.12317181356633,2349.6997850530684,67279.86145020285
214.0,280.33275604251185,2359.490200824123,64920.371249378724
215.0,270.5015468724113,2369.3214099942234,62551.049839384505
216.0,260.62937433076877,2379.193582535866,60171.85625684864
217.0,250.71606773686932,2389.1068891297655,57782.749367718876
218.0,240.76145569882866,2399.061501167806,55383.68786655107
219.0,230.76536611062943,2409.057590756005,52974.63027579506
220.0,220.7276261491461,2419.0953307174887,50555.534945077576
221.0,210.64806227115656,2429.1748945954782,48126.3600504821
222.0,200.52650021034208,2439.296456656293,45687.063593825806
223.0,190.3627649742742,2449.4601918923604,43237.60340193345
224.0,180.15668084138937,2459.666276025245,40777.9371259082
225.0,169.90807135795086,2469.9148855086837,38308.02224039952
226.0,159.616759334998,2480.206197531637,35827.81604286788
227.0,149.28256684528284,2490.540390021352,33337.27565284653
228.0,138.90531522019387,2500.9176416464406,30836.358011200093
229.0,128.48482504666705,2511.3381318199677,28325.019879380125
230.0,118.02091616408386,2521.802040702551,25803.217838677574
231.0,107.51340766115656,2532.309549205478,23270.908289472096
232.0,96.9621178728004,2542.8608389938345,20728.04745047826
233.0,86.36686437699275,2553.456092489642,18174.59135798862
234.0,75.72746399161925,2564.0954928750157,15610.495865113602
235.0,65.04373277130668,2574.779224095328,13035.716641018274
236.0,54.31548600424281,2585.507470862392,10450.209170155882
237.0,43.54253820898284,2596.280418657652,7853.92875149823
238.0,32.72470313124262,2607.098253735392,5246.830497762838
239.0,21.86179374067849,2617.9611631259563,2628.8693346368814
240.0,10.953622227653673,2628.869334638981,-2.099568519042805e-09
